date,open,high,low,close,volume
2022-03-11,4279.5,4291.0098,4200.4902,4204.3101,2338436067
2022-03-14,4202.75,4247.5698,4161.7202,4173.1099,2684510912
2022-03-15,4188.8198,4271.0498,4187.8999,4262.4502,2636945250
2022-03-16,4288.1401,4358.8999,4251.9902,4357.8599,2926597551
2022-03-17,4345.1099,4412.6699,4335.6499,4411.6699,2432766777
2022-03-18,4407.3398,4465.3999,4390.5698,4463.1201,4233761021
2022-03-21,4462.3999,4481.75,4424.2998,4461.1802,2469825123
2022-03-22,4469.1001,4522.0,4469.1001,4511.6099,2340975844
2022-03-23,4493.1001,4501.0698,4455.8101,4456.2402,2184940313
2022-03-24,4469.98,4520.5801,4465.1699,4520.1602,2073153516
2022-03-25,4522.9102,4546.0298,4501.0698,4543.0601,2000935720
2022-03-28,4541.0898,4575.6499,4517.6899,4575.52,2019462647
2022-03-29,4602.8599,4637.2998,4589.6602,4631.6001,2443956070
2022-03-30,4624.2002,4627.77,4581.3198,4602.4502,2083192942
2022-03-31,4599.02,4603.0698,4530.4102,4530.4102,2628843804
2022-04-01,4540.3198,4548.7002,4507.5698,4545.8599,2346497965
2022-04-04,4547.9702,4583.5,4539.21,4582.6401,2278755223
2022-04-05,4572.4502,4593.4502,4514.1699,4525.1201,2425248378
2022-04-06,4494.1699,4503.9399,4450.04,4481.1499,2720107863
2022-04-07,4474.6499,4521.1602,4450.2998,4500.21,2596329084
2022-04-08,4494.1499,4520.4102,4474.6001,4488.2798,2254633200
2022-04-11,4462.6401,4464.3501,4408.3799,4412.5298,2403901042
2022-04-12,4437.5898,4471.0,4381.3398,4397.4502,2208449999
2022-04-13,4394.2998,4453.9199,4392.7002,4446.5898,2169384807
2022-04-14,4449.1201,4460.46,4390.77,4392.5898,2470867311
2022-04-18,4385.6299,4410.3101,4370.2998,4391.6899,2020686695
2022-04-19,4390.6299,4471.0298,4390.6299,4462.21,2198810594
2022-04-20,4472.2598,4488.29,4448.7598,4459.4502,2356777275
2022-04-21,4489.1699,4512.9399,4384.4702,4393.6602,2637237706
2022-04-22,4385.8301,4385.8301,4267.6201,4271.7798,2520690116
2022-04-25,4255.3398,4299.02,4200.8198,4296.1201,2839258641
2022-04-26,4278.1401,4278.1401,4175.04,4175.2002,2637223814
2022-04-27,4186.52,4240.71,4162.8999,4183.96,2636232457
2022-04-28,4222.5801,4308.4502,4188.6299,4287.5,2749225700
2022-04-29,4253.75,4269.6802,4124.2798,4131.9302,2848565077
2022-05-02,4130.6099,4169.8101,4062.51,4155.3799,2744837614
2022-05-03,4159.7798,4200.1001,4147.0801,4175.48,2494450424
2022-05-04,4181.1802,4307.6602,4148.9102,4300.1699,2872026663
2022-05-05,4270.4302,4270.4302,4106.0098,4146.8701,2869932437
2022-05-06,4128.1699,4157.6899,4067.9099,4123.3398,2737830988
2022-05-09,4081.27,4081.27,3975.48,3991.24,3073865158
2022-05-10,4035.1799,4068.8201,3958.1699,4001.05,2918622876
2022-05-11,3990.0801,4049.0901,3928.8201,3935.1799,2763949436
2022-05-12,3903.95,3964.8,3858.8701,3930.0801,3139788075
2022-05-13,3963.8999,4038.8799,3963.8999,4023.8899,2544978092
2022-05-16,4013.02,4046.46,3983.99,4008.01,2213704712
2022-05-17,4052.0,4090.72,4033.9299,4088.8501,2458409815
2022-05-18,4051.98,4051.98,3911.9099,3923.6799,2712127310
2022-05-19,3899.0,3945.96,3876.5801,3900.79,2774295102
2022-05-20,3927.76,3943.4199,3810.3201,3901.3601,3002384989
2022-05-23,3919.4199,3981.8799,3909.04,3973.75,2388208957
2022-05-24,3942.9399,3955.6799,3875.1299,3941.48,2436606104
2022-05-25,3929.5901,3999.3301,3925.03,3978.73,2334088571
2022-05-26,3984.6001,4075.1399,3984.6001,4057.8401,2393688496
2022-05-27,4077.4299,4158.4902,4077.4299,4158.2402,2150059339
2022-05-31,4151.0898,4168.3398,4104.8799,4132.1499,3802655235
2022-06-01,4149.7798,4166.54,4073.8501,4101.23,2171495669
2022-06-02,4095.4099,4177.5098,4074.3701,4176.8198,2073390326
2022-06-03,4137.5698,4142.6699,4098.6699,4108.54,1879610190
2022-06-06,4134.7202,4168.7798,4109.1802,4121.4302,1919840018
2022-06-07,4096.4702,4164.8599,4080.1899,4160.6802,1964102076
2022-06-08,4147.1201,4160.1401,4107.2002,4115.77,1888845332
2022-06-09,4101.6499,4119.1001,4017.1699,4017.8201,2061086863
2022-06-10,3974.3899,3974.3899,3900.1599,3900.8601,2517736739
2022-06-13,3838.1499,3838.1499,3734.3,3749.6299,3049364805
2022-06-14,3763.52,3778.1799,3705.6799,3735.48,2641465353
2022-06-15,3764.05,3837.5601,3722.3,3789.99,2783030800
2022-06-16,3728.1799,3728.1799,3639.77,3666.77,3075657417
2022-06-17,3665.8999,3707.71,3636.8701,3674.8401,4735841123
2022-06-21,3715.3101,3779.6499,3715.3101,3764.79,2678184797
2022-06-22,3733.8899,3801.79,3717.6899,3759.8899,2486465259
2022-06-23,3774.71,3802.5801,3743.52,3795.73,2517500361
2022-06-24,3821.75,3913.6499,3821.75,3911.74,3463802906
2022-06-27,3920.76,3927.72,3889.6599,3900.1101,2124362317
2022-06-28,3913.0,3945.8601,3820.1399,3821.55,2230281340
2022-06-29,3825.0901,3836.5,3799.02,3818.8301,2111065494
2022-06-30,3785.99,3818.99,3738.6699,3785.3799,2657139522
2022-07-01,3781.0,3829.8201,3752.1001,3825.3301,2175969036
2022-07-05,3792.6101,3832.1899,3742.0601,3831.3899,2506060130
2022-07-06,3831.98,3870.9099,3809.3701,3845.0801,2185947932
2022-07-07,3858.8501,3910.6299,3858.8501,3902.6201,2086719603
2022-07-08,3888.26,3918.5,3869.3401,3899.3799,1767934743
2022-07-11,3880.9399,3880.9399,3847.22,3854.4299,1807609391
2022-07-12,3851.95,3873.4099,3802.3601,3818.8,2130143184
2022-07-13,3779.6699,3829.4399,3759.0701,3801.78,2058496093
2022-07-14,3763.99,3796.4099,3721.5601,3790.3799,2167947896
2022-07-15,3818.0,3863.6201,3817.1799,3863.1599,2328223130
2022-07-18,3883.79,3902.4399,3818.6299,3830.8501,2174880532
2022-07-19,3860.73,3939.8101,3860.73,3936.6899,2384285486
2022-07-20,3935.3201,3974.1299,3922.03,3959.8999,2344933008
2022-07-21,3955.47,3999.29,3927.6399,3998.95,2498029117
2022-07-22,3998.4299,4012.4399,3938.8601,3961.6299,2224926634
2022-07-25,3965.72,3975.3,3943.46,3966.8401,1919980757
2022-07-26,3953.22,3953.22,3910.74,3921.05,2106674945
2022-07-27,3951.4299,4039.5601,3951.4299,4023.6101,2431345200
2022-07-28,4026.1299,4078.95,3992.97,4072.4299,2492201584
2022-07-29,4087.3301,4140.1499,4079.22,4130.29,2873733835
2022-08-01,4112.3799,4144.9502,4096.02,4118.6299,2289872912
2022-08-02,4104.21,4140.4702,4079.8101,4091.1899,2262200687
2022-08-03,4107.96,4167.6602,4107.96,4155.1699,2436476551
2022-08-04,4154.8501,4161.29,4135.4199,4151.9399,2260188053
2022-08-05,4115.8701,4151.5801,4107.3101,4145.1899,2027451379
2022-08-08,4155.9302,4186.6201,4128.9702,4140.0601,2120439516
2022-08-09,4133.1099,4137.2998,4112.0898,4122.4702,2048973837
2022-08-10,4181.02,4211.0298,4177.2598,4210.2402,2240786746
2022-08-11,4227.3999,4257.9102,4201.4102,4207.27,2071062580
2022-08-12,4225.02,4280.4702,4219.7798,4280.1499,1839673374
2022-08-15,4269.3701,4301.79,4256.8999,4297.1401,1771417898
2022-08-16,4290.46,4325.2798,4277.77,4305.2002,1901043758
2022-08-17,4280.3999,4302.1802,4253.0801,4274.04,1850525300
2022-08-18,4273.1299,4292.5298,4261.98,4283.7402,1740837581
2022-08-19,4266.3101,4266.3101,4218.7002,4228.48,2045645988
2022-08-22,4195.0801,4195.0801,4129.8599,4137.9902,1976203704
2022-08-23,4133.0898,4159.77,4124.0298,4128.73,1786029375
2022-08-24,4126.5498,4156.5601,4119.9702,4140.77,1737028484
2022-08-25,4153.2598,4200.54,4147.5898,4199.1201,1847592571
2022-08-26,4198.7402,4203.04,4057.6599,4057.6599,2113423504
2022-08-29,4034.5801,4062.99,4017.4199,4030.6101,1893833291
2022-08-30,4041.25,4044.98,3965.21,3986.1599,2044531778
2022-08-31,4000.6699,4015.3701,3954.53,3955.0,2541475082
2022-09-01,3936.73,3970.23,3903.6499,3966.8501,2303154412
2022-09-02,3994.6599,4018.4299,3906.21,3924.26,2083181521
2022-09-06,3930.8899,3942.55,3886.75,3908.1899,2238631934
2022-09-07,3909.4299,3987.8899,3906.03,3979.8701,2209800080
2022-09-08,3959.9399,4010.5,3944.8101,4006.1799,2290057541
2022-09-09,4022.9399,4076.8101,4022.9399,4067.3601,2097275308
2022-09-12,4083.6699,4119.2798,4083.6699,4110.4102,2117648252
2022-09-13,4037.1201,4037.1201,3921.28,3932.6899,2604671729
2022-09-14,3940.73,3961.9399,3912.1799,3946.01,2450800625
2022-09-15,3932.4099,3959.1399,3888.28,3901.3501,2510229670
2022-09-16,3880.95,3880.95,3837.0801,3873.3301,4363348031
2022-09-19,3849.9099,3900.45,3838.5,3899.8899,2117736405
2022-09-20,3875.23,3876.01,3827.54,3855.9299,2335994827
2022-09-21,3871.3999,3907.0701,3789.49,3789.9299,2487138441
2022-09-22,3782.3601,3790.8999,3749.45,3757.99,2450867075
2022-09-23,3727.1399,3727.1399,3647.47,3693.23,2812566206
2022-09-26,3682.72,3715.6699,3644.76,3655.04,2605456473
2022-09-27,3686.4399,3717.53,3623.29,3647.29,2548804869
2022-09-28,3651.9399,3736.74,3640.6101,3719.04,2637914627
2022-09-29,3687.01,3687.01,3610.3999,3640.47,2601213630
2022-09-30,3633.48,3671.4399,3584.1299,3585.6201,3126673320
2022-10-03,3609.78,3698.3501,3604.9299,3678.4299,2796268885
2022-10-04,3726.46,3791.9199,3726.46,3790.9299,2886180337
2022-10-05,3753.25,3806.9099,3722.6599,3783.28,2502482020
2022-10-06,3771.97,3797.9299,3739.22,3744.52,2499058575
2022-10-07,3706.74,3706.74,3620.73,3639.6599,2716138719
2022-10-10,3647.51,3652.1699,3588.1001,3612.3899,2381483415
2022-10-11,3595.8601,3640.6599,3568.45,3588.8401,2731976978
2022-10-12,3590.8301,3608.3401,3573.8601,3577.03,2375058756
2022-10-13,3520.3701,3685.4099,3491.5801,3669.9099,3202991397
2022-10-14,3690.4099,3712.0,3579.6799,3583.0701,2666728008
2022-10-17,3644.24,3689.73,3638.6499,3677.95,2557227447
2022-10-18,3746.26,3762.79,3686.53,3719.98,2663739031
2022-10-19,3703.1101,3728.5801,3666.51,3695.1599,2398756059
2022-10-20,3689.05,3736.0,3656.4399,3665.78,2643573608
2022-10-21,3657.1001,3757.8899,3647.4199,3752.75,3006076801
2022-10-24,3762.01,3810.74,3741.6499,3797.3401,2588908128
2022-10-25,3799.4399,3862.8501,3799.4399,3859.1101,2710890488
2022-10-26,3825.97,3886.1499,3824.0701,3830.6001,2920633065
2022-10-27,3834.6899,3859.95,3803.79,3807.3,3065025495
2022-10-28,3808.26,3905.4199,3808.26,3901.0601,2901520060
2022-10-31,3881.8501,3893.73,3863.1799,3871.98,2787793174
2022-11-01,3901.79,3911.79,3843.8,3856.1001,2621979328
2022-11-02,3852.8999,3894.4399,3758.6799,3759.6899,3113991763
2022-11-03,3733.25,3750.5901,3698.1499,3719.8899,2856234717
2022-11-04,3766.98,3796.3401,3708.8401,3770.55,3007928447
2022-11-07,3780.71,3813.95,3764.7,3806.8,2496452846
2022-11-08,3817.02,3859.3999,3786.28,3828.1101,2586669895
2022-11-09,3810.9399,3818.2,3744.22,3748.5701,2542782564
2022-11-10,3859.8899,3958.3301,3859.8899,3956.3701,3357652603
2022-11-11,3963.72,4001.48,3944.8201,3992.9299,3032916652
2022-11-14,3977.97,4008.97,3956.3999,3957.25,2615043030
2022-11-15,4006.4099,4028.8401,3953.1699,3991.73,2794165098
2022-11-16,3976.8201,3983.0901,3954.3401,3958.79,2406651146
2022-11-17,3919.26,3954.3301,3906.54,3946.5601,2196879829
2022-11-18,3966.3899,3979.8899,3935.98,3965.3401,2236041314
2022-11-21,3956.23,3962.0,3933.3401,3949.9399,2113922792
2022-11-22,3965.51,4005.8799,3956.8799,4003.5801,1998945068
2022-11-23,4000.3,4033.78,3998.6599,4027.26,1753877149
2022-11-25,4023.3401,4034.02,4020.76,4026.1201,901126804
2022-11-28,4005.3601,4012.27,3955.77,3963.9399,2097892829
2022-11-29,3964.1899,3976.77,3937.6499,3957.6299,1904609130
2022-11-30,3957.1799,4080.1101,3938.5801,4080.1101,3725030407
2022-12-01,4087.1399,4100.5098,4050.8701,4076.5701,2319414988
2022-12-02,4040.1699,4080.48,4026.6299,4071.7,2076416488
2022-12-05,4052.02,4052.45,3984.49,3998.8401,2278161210
2022-12-06,3996.6299,4001.51,3918.3899,3941.26,2367140655
2022-12-07,3933.28,3957.5701,3922.6799,3933.9199,2263753223
2022-12-08,3947.79,3974.1899,3935.8301,3963.51,2157778235
2022-12-09,3954.1699,3977.02,3933.04,3934.3799,2123231344
2022-12-12,3939.29,3990.71,3935.3,3990.5601,2285904829
2022-12-13,4069.3799,4100.96,3993.03,4019.6499,3087952326
2022-12-14,4015.54,4053.76,3965.6499,3995.3201,2603890537
2022-12-15,3958.3701,3958.3701,3879.45,3895.75,2703927276
2022-12-16,3890.9099,3890.9099,3827.9099,3852.3601,5089538353
2022-12-19,3853.79,3854.8601,3800.04,3817.6599,2299211168
2022-12-20,3810.47,3838.24,3795.6201,3821.6201,2209956558
2022-12-21,3839.49,3889.8201,3839.49,3878.4399,2148847365
2022-12-22,3853.26,3853.26,3764.49,3822.3899,2365338674
2022-12-23,3815.1101,3845.8,3797.01,3844.8201,1579126770
2022-12-27,3843.3401,3846.6499,3813.22,3829.25,1744900168
2022-12-28,3829.5601,3848.3201,3780.78,3783.22,1740055216
2022-12-29,3805.45,3858.1899,3805.45,3849.28,1735156616
2022-12-30,3829.0601,3839.8501,3800.3401,3839.5,1706136061
2023-01-03,3853.29,3878.46,3794.3301,3824.1399,2353396979
2023-01-04,3840.3601,3873.1599,3815.77,3852.97,2595164544
2023-01-05,3839.74,3839.74,3802.4199,3808.1001,2259316692
2023-01-06,3823.3701,3906.1899,3809.5601,3895.0801,2468430654
2023-01-09,3910.8201,3950.5701,3890.4199,3892.0901,2500082779
2023-01-10,3888.5701,3919.8301,3877.29,3919.25,2141504907
2023-01-11,3932.3501,3970.0701,3928.54,3969.6101,2354204882
2023-01-12,3977.5701,3997.76,3937.5601,3983.1699,2468826678
2023-01-13,3960.6001,4003.95,3947.6699,3999.0901,2305897852
2023-01-17,3999.28,4015.3899,3984.5701,3990.97,2498747931
2023-01-18,4002.25,4014.1599,3926.5901,3928.8601,2545980650
2023-01-19,3911.8401,3922.9399,3885.54,3898.8501,2465301681
2023-01-20,3909.04,3972.96,3897.8601,3972.6101,2617398551
2023-01-23,3978.1399,4039.3101,3971.6399,4019.8101,2469899901
2023-01-24,4001.74,4023.9199,3989.79,4016.95,2091229711
2023-01-25,3982.71,4019.55,3949.0601,4016.22,2416051835
2023-01-26,4036.0801,4061.5701,4013.29,4060.4299,2433218693
2023-01-27,4053.72,4094.21,4048.7,4070.5601,2572664062
2023-01-30,4049.27,4063.8501,4015.55,4017.77,2303537608
2023-01-31,4020.8501,4077.1599,4020.4399,4076.6001,2865897027
2023-02-01,4070.0701,4148.9502,4037.2,4119.21,2939837224
2023-02-02,4158.6802,4195.4399,4141.8799,4179.7598,3391309424
2023-02-03,4136.6899,4182.3599,4123.3599,4136.48,2899964493
2023-02-06,4119.5698,4124.6299,4093.3799,4111.0801,2284201082
2023-02-07,4105.3501,4176.54,4088.3899,4164.0,2612787624
2023-02-08,4153.4702,4156.8501,4111.6699,4117.8599,2543426659
2023-02-09,4144.25,4156.23,4069.6699,4081.5,2652617337
2023-02-10,4068.9199,4094.3601,4060.79,4090.46,2312192918
2023-02-13,4096.6201,4138.8999,4092.6699,4137.29,2125959564
2023-02-14,4126.7002,4159.77,4095.01,4136.1299,2219075513
2023-02-15,4119.5,4148.1099,4103.98,4147.6001,2112266379
2023-02-16,4114.75,4136.54,4089.49,4090.4099,2264834581
2023-02-17,4077.3899,4081.51,4047.95,4079.0901,2380094371
2023-02-21,4052.3501,4052.3501,3995.1899,3997.3401,2347271199
2023-02-22,4001.8301,4017.3701,3976.8999,3991.05,2259720314
2023-02-23,4018.6001,4028.3,3969.1899,4012.3201,2308657962
2023-02-24,3973.24,3978.25,3943.0801,3970.04,2180170804
2023-02-27,3992.3601,4018.05,3973.55,3982.24,2068606135
2023-02-28,3977.1899,3997.5,3968.98,3970.1499,2771735399
2023-03-01,3963.3401,3971.73,3939.05,3951.3899,2225253319
2023-03-02,3938.6799,3990.8401,3928.1599,3981.3501,2252262370
2023-03-03,3998.02,4048.29,3995.1699,4045.6399,2228260881
2023-03-06,4055.1499,4078.49,4044.6101,4048.4199,2183396550
2023-03-07,4048.26,4050.0,3980.3101,3986.3701,2261990430
2023-03-08,3987.55,4000.4099,3969.76,3992.01,2036782973
2023-03-09,3998.6599,4017.8101,3908.7,3918.3201,2604828562
2023-03-10,3912.77,3934.05,3846.3201,3861.5901,3238481766
2023-03-13,3835.1201,3905.05,3808.8601,3855.76,4001022053
2023-03-14,3894.01,3937.29,3873.6299,3919.29,3434915177
2023-03-15,3876.74,3894.26,3838.24,3891.9299,3657403839
2023-03-16,3878.9299,3964.46,3864.1101,3960.28,3597816462
2023-03-17,3958.6899,3958.9099,3901.27,3916.6399,5761269537
2023-03-20,3917.47,3956.6201,3916.8899,3951.5701,2917994859
2023-03-21,3975.8899,4009.0801,3971.1899,4002.8701,2947355545
2023-03-22,4002.04,4039.49,3936.1699,3936.97,2694608426
2023-03-23,3959.21,4007.6599,3919.05,3948.72,2797479137
2023-03-24,3939.21,3972.74,3909.1599,3970.99,2584795164
2023-03-27,3982.9299,4003.8301,3970.49,3977.53,2461561562
2023-03-28,3974.1299,3979.2,3951.53,3971.27,1986603707
2023-03-29,3999.53,4030.5901,3999.53,4027.8101,2251240652
2023-03-30,4046.74,4057.8501,4032.1001,4050.8301,2103549550
2023-03-31,4056.1799,4110.75,4056.1799,4109.3101,2516723256
2023-04-03,4102.2002,4127.6602,4098.79,4124.5098,2425239188
2023-04-04,4128.0298,4133.1299,4086.8701,4100.6001,2264264203
2023-04-05,4094.5,4099.6899,4072.5601,4090.3799,2325149807
2023-04-06,4081.1499,4107.3198,4069.8401,4105.02,2072470322
2023-04-10,4085.2,4109.5,4072.55,4109.1099,1948962417
2023-04-11,4110.29,4124.2598,4102.6099,4108.9399,1989408805
2023-04-12,4121.7202,4134.3701,4086.9399,4091.95,2242917713
2023-04-13,4100.04,4150.2598,4099.3999,4146.2202,2196995300
2023-04-14,4140.1099,4163.1899,4113.2002,4137.6401,2077040795
2023-04-17,4137.1699,4151.7202,4123.1802,4151.3198,2132427049
2023-04-18,4164.2598,4169.48,4140.3599,4154.8701,2124684260
2023-04-19,4139.3301,4162.5698,4134.4902,4154.52,2158289234
2023-04-20,4130.48,4148.5698,4114.5698,4129.79,2453132513
2023-04-21,4132.1401,4138.02,4113.8599,4133.52,2304130058
2023-04-24,4132.0698,4142.4102,4117.77,4137.04,2113777657
2023-04-25,4126.4302,4126.4302,4071.3799,4071.6299,2535229575
2023-04-26,4087.78,4089.6699,4049.3501,4055.99,2698867825
2023-04-27,4075.29,4138.2402,4075.29,4135.3501,2698412526
2023-04-28,4129.6299,4170.0601,4127.1699,4169.48,2723328076
2023-05-01,4166.79,4186.9199,4164.1201,4167.8701,2224450232
2023-05-02,4164.1001,4164.1001,4089.72,4119.5801,2638399719
2023-05-03,4122.25,4148.2998,4088.8601,4090.75,2765389526
2023-05-04,4082.55,4082.6101,4048.28,4061.22,2876115101
2023-05-05,4084.73,4147.02,4084.73,4136.25,2470165404
2023-05-08,4136.98,4142.2998,4123.8101,4138.1201,2097970022
2023-05-09,4124.25,4130.3501,4116.6499,4119.1699,2063699116
2023-05-10,4143.7402,4154.2798,4098.9199,4137.6401,2344517718
2023-05-11,4132.2402,4132.7998,4109.29,4130.6201,2245622679
2023-05-12,4138.54,4143.7402,4099.1201,4124.0801,2076596316
2023-05-15,4126.6499,4141.25,4110.27,4136.2798,2052455077
2023-05-16,4127.9502,4135.54,4109.8599,4109.8999,2176451205
2023-05-17,4122.8501,4164.6699,4113.6201,4158.77,2440897931
2023-05-18,4157.6802,4202.2002,4153.5,4198.0498,2409183557
2023-05-19,4204.1499,4212.9102,4180.2002,4191.98,2352764320
2023-05-22,4190.7798,4209.2202,4179.6802,4192.6299,2217613961
2023-05-23,4176.7998,4185.6802,4142.54,4145.5801,2437622999
2023-05-24,4132.96,4132.96,4103.98,4115.2402,2275689933
2023-05-25,4155.71,4165.7402,4129.73,4151.2798,2825869882
2023-05-26,4156.1602,4212.8701,4156.1602,4205.4502,2591763936
2023-05-30,4226.71,4231.1001,4192.1802,4205.52,2562757079
2023-05-31,4190.7402,4195.4399,4166.1499,4179.8301,4400897953
2023-06-01,4183.0298,4232.4302,4171.6401,4221.02,2581648680
2023-06-02,4241.0098,4290.6699,4241.0098,4282.3701,2730479867
2023-06-05,4282.9902,4299.2798,4266.8198,4273.79,2168511140
2023-06-06,4271.3398,4288.3301,4263.0898,4283.8501,2246726404
2023-06-07,4285.4702,4299.1899,4263.96,4267.52,2700500977
2023-06-08,4268.6899,4298.0098,4261.0698,4293.9302,2224429186
2023-06-09,4304.8799,4322.6201,4291.7002,4298.8599,2132741718
2023-06-12,4308.3198,4340.1299,4304.3701,4338.9302,2444830660
2023-06-13,4352.6099,4375.3701,4349.3101,4369.0098,2547779855
2023-06-14,4366.29,4391.8198,4337.8501,4372.5898,2616194926
2023-06-15,4365.3301,4439.2002,4362.6001,4425.8398,2569292175
2023-06-16,4440.9502,4448.4702,4407.4399,4409.5898,4195443308
2023-06-20,4396.1099,4400.1499,4367.1899,4388.71,2431767578
2023-06-21,4380.0098,4386.2202,4360.1401,4365.6899,2324030886
2023-06-22,4355.3999,4382.25,4351.8198,4381.8901,2091147063
2023-06-23,4354.1699,4366.5498,4341.3398,4348.3301,3056621301
2023-06-26,4344.8398,4362.0601,4328.0801,4328.8198,2248760425
2023-06-27,4337.3599,4384.4199,4335.0,4378.4102,2286873269
2023-06-28,4367.48,4390.3501,4360.2202,4376.8599,2276949818
2023-06-29,4374.9399,4398.3901,4371.9702,4396.4399,2152193154
2023-06-30,4422.4399,4458.48,4422.4399,4450.3799,2489651506
2023-07-03,4422.4399,4456.46,4442.29,4455.5898,1234475530
2023-07-05,4442.04,4454.0601,4436.6099,4446.8198,2152798808
2023-07-06,4422.6201,4422.6201,4385.0498,4411.5898,2206304404
2023-07-07,4404.54,4440.3901,4397.3999,4398.9502,2113381973
2023-07-10,4394.23,4412.6001,4389.9199,4409.5298,2153714342
2023-07-11,4415.5498,4443.6401,4408.46,4439.2598,2131114902
2023-07-12,4467.6899,4488.3398,4463.23,4472.1602,2323660864
2023-07-13,4491.5,4517.3799,4489.3599,4510.04,2254612299
2023-07-14,4514.6099,4527.7598,4499.5601,4505.4199,2371250817
2023-07-17,4508.8599,4532.8501,4504.8999,4522.79,2357507633
2023-07-18,4521.7798,4562.2998,4514.5898,4554.98,2538286894
2023-07-19,4563.8701,4578.4302,4557.48,4565.7202,2585040201
2023-07-20,4554.3799,4564.7402,4527.5601,4534.8701,2593544503
2023-07-21,4550.1602,4555.0,4535.79,4536.3398,3275429686
2023-07-24,4543.3901,4563.4102,4541.29,4554.6401,2136206636
2023-07-25,4555.1899,4580.6201,4552.4199,4567.46,2305490101
2023-07-26,4558.96,4582.4702,4547.5801,4566.75,2312272045
2023-07-27,4598.2598,4607.0698,4528.5601,4537.4102,2666286293
2023-07-28,4565.75,4590.1602,4564.0098,4582.23,2359801217
2023-07-31,4584.8198,4594.2202,4573.1401,4588.96,2411537985
2023-08-01,4578.8301,4584.6201,4567.5298,4576.73,2172699881
2023-08-02,4550.9302,4550.9302,4505.75,4513.3901,2466207896
2023-08-03,4494.27,4519.4902,4485.54,4501.8901,2317473374
2023-08-04,4513.96,4540.3398,4474.5498,4478.0298,2413919840
2023-08-07,4491.5801,4519.8398,4491.1499,4518.4399,2055431221
2023-08-08,4498.0298,4503.3101,4464.3901,4499.3799,2151477615
2023-08-09,4501.5698,4502.4399,4461.3301,4467.71,2046722089
2023-08-10,4487.1602,4527.3701,4457.9199,4468.8301,2111185396
2023-08-11,4450.6899,4476.23,4443.98,4464.0498,1850766477
2023-08-14,4458.1299,4490.3301,4453.4399,4489.7202,1955913253
2023-08-15,4478.8701,4478.8701,4432.1899,4437.8599,1977157506
2023-08-16,4433.79,4449.9502,4403.5498,4404.3301,2001143711
2023-08-17,4416.3198,4421.1699,4364.8301,4370.3599,2216839469
2023-08-18,4344.8799,4381.8198,4335.3101,4369.71,2157858548
2023-08-21,4380.2798,4407.5498,4360.2998,4399.77,2057592847
2023-08-22,4415.3301,4418.5898,4382.77,4387.5498,1905849406
2023-08-23,4396.4399,4443.1802,4396.4399,4436.0098,2013748142
2023-08-24,4455.1602,4458.2998,4375.5498,4376.3101,2077193771
2023-08-25,4389.3799,4418.46,4356.29,4405.71,1976128172
2023-08-28,4426.0298,4439.5601,4414.98,4433.3101,1669881577
2023-08-29,4432.75,4500.1401,4431.6802,4497.6299,1936663046
2023-08-30,4500.3398,4521.6499,4493.5898,4514.8701,1827645178
2023-08-31,4517.0098,4532.2598,4507.3901,4507.6602,2352361081
2023-09-01,4530.6001,4541.25,4501.3501,4515.77,1958155311
2023-09-05,4510.0601,4514.29,4496.0098,4496.8301,2128341430
2023-09-06,4490.3501,4490.3501,4442.3799,4465.48,2122160141
2023-09-07,4434.5498,4457.8101,4430.46,4451.1401,2441134922
2023-09-08,4451.2998,4473.5298,4448.3799,4457.4902,2076441612
2023-09-11,4480.98,4490.77,4467.8901,4487.46,2165432434
2023-09-12,4473.27,4487.1099,4456.8301,4461.8999,2184137855
2023-09-13,4462.6499,4479.3901,4453.52,4467.4399,2268926200
2023-09-14,4487.7798,4511.9902,4478.6899,4505.1001,2275484003
2023-09-15,4497.98,4497.98,4447.21,4450.3198,4244973105
2023-09-18,4445.1299,4466.3599,4442.1099,4453.5298,1932361461
2023-09-19,4445.4102,4449.8501,4416.6099,4443.9502,2018270144
2023-09-20,4452.8101,4461.0298,4401.3799,4402.2002,1976745837
2023-09-21,4374.3599,4375.7002,4329.1699,4330.0,2298552282
2023-09-22,4341.7402,4357.3999,4316.4902,4320.0601,2100743599
2023-09-25,4310.6201,4338.5098,4302.7002,4337.4399,1858119044
2023-09-26,4312.8799,4313.0098,4265.98,4273.5298,2129442202
2023-09-27,4282.6299,4292.0698,4238.6299,4274.5098,2299297267
2023-09-28,4269.6499,4317.27,4264.3799,4299.7002,2235764324
2023-09-29,4328.1802,4333.1499,4274.8599,4288.0498,2411036284
2023-10-02,4284.52,4300.5801,4260.21,4288.3901,2419266832
2023-10-03,4269.75,4281.1499,4216.4502,4229.4502,2430973527
2023-10-04,4233.8301,4268.5,4220.48,4263.75,2329779403
2023-10-05,4259.3101,4267.1299,4225.9102,4258.1899,2230253462
2023-10-06,4234.79,4324.1001,4219.5498,4308.5,2493423103
2023-10-09,4289.02,4341.73,4283.79,4335.6602,1981885604
2023-10-10,4339.75,4385.46,4339.6401,4358.2402,2160880932
2023-10-11,4366.5898,4378.6401,4345.3398,4376.9502,2115648071
2023-10-12,4380.9399,4385.8501,4325.4302,4349.6099,2344769422
2023-10-13,4360.4902,4377.1001,4311.9702,4327.7798,2302663368
2023-10-16,4342.3701,4383.3301,4342.3701,4373.6299,2124400350
2023-10-17,4345.23,4393.5698,4337.54,4373.2002,2355659575
2023-10-18,4357.3501,4364.2002,4303.8398,4314.6001,2390659124
2023-10-19,4321.3599,4339.54,4269.6899,4278.0,2635705086
2023-10-20,4273.8501,4276.5601,4223.0298,4224.1602,2734219191
2023-10-23,4210.3999,4255.8398,4189.2202,4217.04,2454581997
2023-10-24,4235.79,4259.3799,4219.4302,4247.6802,2472963274
2023-10-25,4232.4199,4232.4199,4181.4199,4186.77,2665565303
2023-10-26,4175.9902,4183.6001,4127.8999,4137.23,2959734415
2023-10-27,4152.9302,4156.7002,4103.7798,4117.3701,2784710672
2023-10-30,4139.3901,4177.4702,4132.9399,4166.8198,2600517109
2023-10-31,4171.3301,4195.5498,4153.1201,4193.7998,2701786725
2023-11-01,4201.27,4245.6401,4197.7402,4237.8599,2804876425
2023-11-02,4268.2598,4319.7202,4268.2598,4317.7798,2808160224
2023-11-03,4334.23,4373.6201,4334.23,4358.3398,2683282215
2023-11-06,4364.27,4372.21,4347.5298,4365.98,2177065334
2023-11-07,4366.21,4386.2598,4355.4102,4378.3799,2273382086
2023-11-08,4384.3701,4391.2002,4359.7598,4382.7798,2285134021
2023-11-09,4391.4102,4393.3999,4343.9399,4347.3501,2361060379
2023-11-10,4364.1499,4418.0298,4353.3398,4415.2402,2231546561
2023-11-13,4406.6602,4421.7598,4393.8198,4411.5498,1991619458
2023-11-14,4458.9702,4508.6699,4458.9702,4495.7002,2672131739
2023-11-15,4505.2998,4521.1699,4495.3101,4502.8799,2555968121
2023-11-16,4497.0801,4511.9902,4487.8301,4508.2402,2502113762
2023-11-17,4509.5498,4520.1201,4499.6602,4514.02,2273204200
2023-11-20,4511.7002,4557.1099,4510.3599,4547.3799,2183094585
2023-11-21,4538.77,4542.1401,4525.5098,4538.1899,2059443812
2023-11-22,4553.04,4568.4302,4545.0498,4556.6201,1886910426
2023-11-24,4555.8398,4560.3101,4552.7998,4559.3398,881155641
2023-11-27,4554.8599,4560.52,4546.3198,4550.4302,2000833401
2023-11-28,4545.5498,4568.1401,4540.5098,4554.8901,2097872795
2023-11-29,4571.8398,4587.6401,4547.1499,4550.5801,2423616420
2023-11-30,4554.8701,4569.8901,4537.2402,4567.7998,3541778970
2023-12-01,4559.4302,4599.3901,4554.71,4594.6299,2505721705
2023-12-04,4564.3701,4572.3701,4546.7202,4569.7798,2465568577
2023-12-05,4557.25,4578.5601,4551.6802,4567.1802,2322321833
2023-12-06,4586.23,4590.7402,4546.5,4549.3398,2383220473
2023-12-07,4568.8398,4590.9199,4565.2202,4585.5898,2457048305
2023-12-08,4576.2002,4609.23,4574.0601,4604.3701,2307905221
2023-12-11,4593.3901,4623.71,4593.3901,4622.4399,2421573608
2023-12-12,4618.2998,4643.9302,4608.0898,4643.7002,2348740164
2023-12-13,4646.2002,4709.6899,4643.23,4707.0898,2968692293
2023-12-14,4721.04,4738.5698,4694.3398,4719.5498,3861364751
2023-12-15,4714.23,4725.5298,4704.6899,4719.1899,5291443423
2023-12-18,4725.5801,4749.52,4725.5801,4740.5601,2431569697
2023-12-19,4743.7202,4768.6899,4743.7202,4768.3701,2343967459
2023-12-20,4764.73,4778.0098,4697.8198,4698.3501,2481584831
2023-12-21,4724.29,4748.71,4708.3501,4746.75,2161613127
2023-12-22,4753.9199,4772.9399,4736.77,4754.6299,1751108227
2023-12-26,4758.8599,4784.7202,4758.4502,4774.75,1446123076
2023-12-27,4773.4502,4785.3901,4768.8999,4781.5801,1613387599
2023-12-28,4786.4399,4793.2998,4780.98,4783.3501,1484576350
2023-12-29,4782.8799,4788.4302,4751.9902,4769.8301,1744617290
2024-01-02,4745.2002,4754.3301,4722.6699,4742.8301,2436433260
2024-01-03,4725.0698,4729.29,4699.71,4704.8101,2462780864
2024-01-04,4697.4199,4726.7798,4687.5298,4688.6802,2367124529
2024-01-05,4690.5698,4721.4902,4682.1099,4697.2402,2204799754
2024-01-08,4703.7002,4764.54,4699.8198,4763.54,2298967638
2024-01-09,4741.9302,4765.4702,4730.3501,4756.5,2236452784
2024-01-10,4759.9399,4790.7998,4756.2002,4783.4502,2160956464
2024-01-11,4792.1299,4798.5,4739.5801,4780.2402,2320939953
2024-01-12,4791.1802,4802.3999,4768.98,4783.8301,2236217742
2024-01-16,4772.3501,4782.3398,4747.1201,4765.98,2600196183
2024-01-17,4739.1299,4744.23,4714.8198,4739.21,2320340664
2024-01-18,4760.1001,4785.79,4740.5698,4780.9399,2591426040
2024-01-19,4796.2798,4842.0698,4785.8701,4839.8101,2758405262
2024-01-22,4853.4199,4868.4102,4844.0498,4850.4302,2633780446
2024-01-23,4856.7998,4866.48,4844.3701,4864.6001,2388786865
2024-01-24,4888.5601,4903.6802,4865.9399,4868.5498,2675171919
2024-01-25,4886.6602,4898.1499,4869.3398,4894.1602,2903392182
2024-01-26,4888.9102,4906.6899,4881.4702,4890.9702,2388032275
2024-01-29,4892.9502,4929.3101,4887.3999,4927.9302,2312494392
2024-01-30,4925.8901,4931.0898,4916.27,4924.9702,2579106428
2024-01-31,4899.1899,4906.75,4845.1499,4845.6499,3297263902
2024-02-01,4861.1099,4906.9702,4853.52,4906.1899,2808069454
2024-02-02,4916.0601,4975.29,4907.9902,4958.6099,2791773912
2024-02-05,4957.1899,4957.1899,4918.0898,4942.8101,2584805952
2024-02-06,4950.1602,4957.77,4934.8799,4954.23,2477503347
2024-02-07,4973.0498,4999.8901,4969.0498,4995.0601,2591206982
2024-02-08,4995.1602,5000.3999,4987.0898,4997.9102,2436611938
2024-02-09,5004.1699,5030.0601,5000.3398,5026.6099,2305688993
2024-02-12,5026.8301,5048.3901,5016.8301,5021.8398,2230537686
2024-02-13,4967.9399,4971.2998,4920.3101,4953.1699,2581714918
2024-02-14,4976.4399,5002.52,4956.4502,5000.6201,2325126439
2024-02-15,5003.1401,5032.7202,4999.4399,5029.73,2424880973
2024-02-16,5031.1299,5038.7002,4999.52,5005.5698,2298707861
2024-02-20,4989.3198,4993.71,4955.02,4975.5098,2454586525
2024-02-21,4963.0298,4983.21,4946.0,4981.7998,2254957644
2024-02-22,5038.8301,5094.3901,5038.8301,5087.0298,2575496447
2024-02-23,5100.9199,5111.0601,5081.46,5088.7998,2256863196
2024-02-26,5093.0,5097.6602,5068.9102,5069.5298,2248390032
2024-02-27,5074.6001,5080.6899,5057.29,5078.1802,2149213570
2024-02-28,5067.2002,5077.3701,5058.3501,5069.7598,2079030384
2024-02-29,5085.3599,5104.9902,5061.8901,5096.27,3310290023
2024-03-01,5098.5098,5140.3301,5094.1602,5137.0801,2453221439
2024-03-04,5130.9902,5149.6699,5127.1802,5130.9502,2818870452
2024-03-05,5110.52,5114.54,5056.8198,5078.6499,2704129642
2024-03-06,5108.0298,5127.9702,5092.2202,5104.7598,2604927497
2024-03-07,5132.3799,5165.6201,5128.21,5157.3599,2359269056
2024-03-08,5164.46,5189.2598,5117.5,5123.6899,2430070760
2024-03-11,5111.96,5124.6602,5091.1401,5117.9399,2207490802
2024-03-12,5134.2998,5179.8701,5114.48,5175.27,2294319101
2024-03-13,5173.4902,5179.1401,5151.8799,5165.3101,2415913063
2024-03-14,5175.1401,5176.8501,5123.2998,5150.48,2653395897
2024-03-15,5123.3101,5136.8599,5104.3501,5117.0898,5121365413
2024-03-18,5154.77,5175.6001,5145.4702,5149.4199,2395481603
2024-03-19,5139.0898,5180.3101,5131.5898,5178.5098,2206625058
2024-03-20,5181.6899,5226.1899,5171.5498,5224.6201,2293911189
2024-03-21,5253.4302,5261.1001,5240.6602,5241.5298,2513703086
2024-03-22,5242.48,5246.0898,5229.8701,5234.1802,2009116285
2024-03-25,5219.52,5229.0898,5216.0898,5218.1899,2083558443
2024-03-26,5228.8501,5235.1602,5203.4199,5203.5801,2254197442
2024-03-27,5226.3101,5249.2598,5213.9199,5248.4902,2275362496
2024-03-28,5248.0298,5264.8501,5245.8198,5254.3501,2400060516
2024-04-01,5257.9702,5263.9502,5229.2002,5243.77,1949342295
2024-04-02,5204.29,5208.3398,5184.0498,5205.8101,2361765457
2024-04-03,5194.3701,5228.75,5194.3701,5211.4902,2258320406
2024-04-04,5244.0498,5256.5898,5146.0601,5147.21,2502092298
2024-04-05,5158.9502,5222.1802,5157.21,5204.3398,2157678131
2024-04-08,5211.3701,5219.5698,5197.3501,5202.3901,1988579313
2024-04-09,5217.0298,5224.8101,5160.7798,5209.9102,2025386254
2024-04-10,5167.8799,5178.4302,5138.7002,5160.6401,2270856837
2024-04-11,5172.9502,5211.7798,5138.77,5199.0601,2204862038
2024-04-12,5171.5098,5175.0298,5107.9399,5123.4102,2409339978
2024-04-15,5149.6699,5168.4302,5052.4702,5061.8198,2305701976
2024-04-16,5064.5898,5079.8398,5039.8301,5051.4102,2334071918
2024-04-17,5068.9702,5077.96,5007.25,5022.21,2289242657
2024-04-18,5031.52,5056.6602,5001.8901,5011.1201,2206949033
2024-04-19,5005.4399,5019.02,4953.5601,4967.23,2733302804
2024-04-22,4987.3301,5038.8398,4969.3999,5010.6001,2348891195
2024-04-23,5028.8501,5076.1201,5027.96,5070.5498,2311653512
2024-04-24,5084.8599,5089.48,5047.02,5071.6299,2523336454
2024-04-25,5019.8799,5057.75,4990.5801,5048.4199,2691433796
2024-04-26,5084.6499,5114.6201,5073.1401,5099.96,2401044210
2024-04-29,5114.1299,5123.4902,5088.6499,5116.1699,2337162842
2024-04-30,5103.7798,5110.8301,5035.3101,5035.6899,2776658379
2024-05-01,5029.0298,5096.1201,5013.4502,5018.3901,2863485285
2024-05-02,5049.3198,5073.21,5011.0498,5064.2002,2541529335
2024-05-03,5122.7798,5139.1201,5101.2202,5127.79,2441285064
2024-05-06,5142.4199,5181.0,5142.4199,5180.7402,2174332915
2024-05-07,5187.2002,5200.23,5178.96,5187.7002,2275796703
2024-05-08,5168.98,5191.9502,5165.8599,5187.6699,2091022880
2024-05-09,5189.0298,5215.2998,5180.4102,5214.0801,1972154705
2024-05-10,5225.4902,5239.6602,5209.6802,5222.6802,1883332754
2024-05-13,5233.0801,5237.2598,5211.1602,5221.4199,1947454376
2024-05-14,5221.1001,5250.3701,5217.98,5246.6802,2029372117
2024-05-15,5263.2598,5311.7598,5263.2598,5308.1499,2309693551
2024-05-16,5310.0698,5325.4902,5296.1899,5297.1001,2212538542
2024-05-17,5303.1001,5305.4502,5283.5898,5303.27,1967120185
2024-05-20,5305.3501,5325.3198,5302.3999,5308.1299,1832281783
2024-05-21,5298.6899,5324.3198,5297.8701,5321.4102,1974321300
2024-05-22,5319.2798,5323.1802,5286.0098,5307.0098,2079437184
2024-05-23,5340.2598,5341.8799,5256.9302,5267.8398,2290682207
2024-05-24,5281.4502,5311.6499,5278.3901,5304.7202,1743354318
2024-05-28,5315.9102,5315.9102,5280.8901,5306.04,2103027432
2024-05-29,5278.73,5282.27,5262.7002,5266.9502,2213572737
2024-05-30,5259.77,5260.21,5222.1001,5235.48,2316855451
2024-05-31,5243.21,5280.3301,5191.6802,5277.5098,3930922654
2024-06-03,5297.1499,5302.1099,5234.3198,5283.3999,2302964768
2024-06-04,5278.2402,5298.7998,5257.6299,5291.3398,2164149777
2024-06-05,5314.48,5354.1602,5297.6401,5354.0298,2146262616
2024-06-06,5357.7998,5362.3501,5335.3599,5352.96,2010878169
2024-06-07,5343.8101,5375.0801,5331.3301,5346.9902,1809041876
2024-06-10,5341.2202,5365.79,5331.52,5360.79,2429865093
2024-06-11,5353.0,5375.9502,5327.25,5375.3198,2323174395
2024-06-12,5409.1299,5447.25,5409.1299,5421.0298,2704467405
2024-06-13,5441.9302,5441.9302,5402.5098,5433.7402,2400335831
2024-06-14,5424.0801,5432.3901,5403.75,5431.6001,2243055474
2024-06-17,5431.1099,5488.5,5420.3999,5473.23,2420148034
2024-06-18,5476.1499,5490.3799,5471.3198,5487.0298,2461866815
2024-06-20,5499.9902,5505.5298,5455.5601,5473.1699,2860114574
2024-06-21,5466.77,5478.3101,5452.0298,5464.6201,5154496898
2024-06-24,5459.5801,5490.6602,5447.5898,5447.8701,2764542196
2024-06-25,5460.73,5472.8799,5446.5601,5469.2998,2591287124
2024-06-26,5460.71,5483.1401,5451.8701,5477.8999,2559078106
2024-06-27,5473.5898,5490.8101,5467.54,5482.8701,2419421065
2024-06-28,5488.48,5523.6401,5451.1201,5460.48,4191113989
2024-07-01,5471.0801,5479.5498,5446.5298,5475.0898,2405261991
2024-07-02,5461.8398,5509.6899,5458.4302,5509.0098,2304047725
2024-07-03,5507.4399,5539.27,5507.4199,5537.02,1545243347
2024-07-05,5537.9102,5570.3301,5531.6299,5567.1899,2251076552
2024-07-08,5572.75,5583.1099,5562.5098,5572.8501,2367962923
2024-07-09,5584.2402,5590.75,5574.5698,5576.98,2410304329
2024-07-10,5591.2598,5635.3901,5586.4399,5633.9102,2293787875
2024-07-11,5635.21,5642.4502,5576.5298,5584.54,2891782852
2024-07-12,5590.7598,5655.5601,5590.4399,5615.3501,2489171103
2024-07-15,5638.1602,5666.9399,5614.75,5631.2202,2316305244
2024-07-16,5644.0898,5669.6699,5639.02,5667.2002,2487997418
2024-07-17,5610.0698,5622.4902,5584.8101,5588.27,3147941670
2024-07-18,5608.5601,5614.0498,5522.8101,5544.5898,2925863797
2024-07-19,5543.3701,5557.5,5497.04,5505.0,2607846684
2024-07-22,5544.54,5570.3599,5529.04,5564.4102,2510186143
2024-07-23,5565.2998,5585.3398,5550.8999,5555.7402,2396798167
2024-07-24,5505.8398,5508.04,5419.98,5427.1299,3019958131
2024-07-25,5428.7002,5491.5898,5390.9502,5399.2202,3469315829
2024-07-26,5433.6699,5488.3198,5430.7002,5459.1001,2629669887
2024-07-29,5476.5498,5487.7402,5444.4399,5463.54,2365507845
2024-07-30,5478.73,5489.46,5401.7002,5436.4399,2986625387
2024-07-31,5505.5898,5551.5098,5493.75,5522.2998,3414671559
2024-08-01,5537.8398,5566.1602,5410.4199,5446.6802,3418904485
2024-08-02,5376.6299,5383.8901,5302.0298,5346.5601,3978703316
2024-08-05,5151.1401,5250.8901,5119.2598,5186.3301,3980390351
2024-08-06,5206.4199,5312.3398,5193.5601,5240.0298,3151389904
2024-08-07,5293.1299,5330.6401,5195.54,5199.5,2941853299
2024-08-08,5252.5698,5328.0298,5233.8501,5319.3101,2678076619
2024-08-09,5314.6602,5358.6699,5300.8398,5344.1602,2166862146
2024-08-12,5351.8799,5371.2002,5324.3701,5344.3901,2260298271
2024-08-13,5376.98,5436.5,5376.98,5434.4302,2570811508
2024-08-14,5442.3599,5463.2202,5415.9102,5455.21,2314941339
2024-08-15,5501.1299,5546.23,5501.1299,5543.2202,2634228527
2024-08-16,5530.5,5561.98,5525.1699,5554.25,2268720418
2024-08-19,5557.23,5608.2998,5550.7402,5608.25,2087595197
2024-08-20,5602.8799,5620.5098,5585.5,5597.1201,2107090596
2024-08-21,5603.0898,5632.6802,5591.5698,5620.8501,2012469478
2024-08-22,5637.77,5643.2202,5560.9502,5570.6401,2194647052
2024-08-23,5602.4902,5641.8198,5585.1602,5634.6099,2202182799
2024-08-26,5639.6602,5651.6201,5602.3398,5616.8398,2001282879
2024-08-27,5602.8901,5631.1802,5593.48,5625.7998,1976075739
2024-08-28,5624.5098,5627.0298,5560.9502,5592.1802,2132471376
2024-08-29,5607.2998,5646.9502,5583.71,5591.96,2310418093
2024-08-30,5612.7402,5651.3701,5581.79,5648.3999,2762259722
2024-09-03,5623.8901,5623.8901,5504.3301,5528.9302,2889025715
2024-09-04,5506.6802,5552.9902,5503.6602,5520.0698,2476388898
2024-09-05,5520.0801,5546.2998,5480.54,5503.4102,2438758429
2024-09-06,5507.3301,5522.4702,5402.6201,5408.4199,2796173257
2024-09-09,5442.0698,5484.2002,5434.4902,5471.0498,2563088575
2024-09-10,5490.5098,5497.9102,5441.7202,5495.52,2530774046
2024-09-11,5496.4199,5560.4102,5406.96,5554.1299,2798708651
2024-09-12,5557.48,5600.71,5535.5,5595.7598,2572650974
2024-09-13,5603.3398,5636.27,5601.6499,5626.02,2202686111
2024-09-16,5615.21,5636.0498,5604.5298,5633.0898,2318065724
2024-09-17,5655.5098,5670.8101,5614.0498,5634.5801,2342473577
2024-09-18,5641.6802,5689.75,5615.0801,5618.2598,2458455287
2024-09-19,5702.6299,5733.5698,5686.4199,5713.6401,2789941065
2024-09-20,5709.6401,5715.1401,5674.4902,5702.5498,5736379725
2024-09-23,5711.8999,5725.3599,5704.2202,5718.5698,2429303077
2024-09-24,5727.6602,5735.3198,5698.9902,5732.9302,2571337590
2024-09-25,5733.6499,5741.0298,5712.0601,5722.2598,2450340600
2024-09-26,5762.2202,5767.3701,5721.0098,5745.3701,2704866248
2024-09-27,5755.3599,5763.7798,5727.3398,5738.1699,2317410119
2024-09-30,5726.52,5765.1401,5703.5298,5762.48,2512100061
2024-10-01,5757.73,5757.73,5681.2798,5708.75,2623242153
2024-10-02,5698.1401,5719.6299,5674.0,5709.54,2224344812
2024-10-03,5698.1899,5718.7798,5677.3701,5699.9399,2199794863
2024-10-04,5737.48,5753.21,5702.8301,5751.0698,2211353425
2024-10-07,5737.7998,5739.3398,5686.8501,5695.9399,2384804685
2024-10-08,5719.1401,5757.6001,5714.5601,5751.1299,2274877236
2024-10-09,5751.7998,5796.7998,5745.02,5792.04,2222040985
2024-10-10,5778.3599,5795.0298,5764.7598,5780.0498,2091866037
2024-10-11,5775.0898,5822.1299,5775.0898,5815.0298,2154169249
2024-10-14,5829.8101,5871.4102,5829.5698,5859.8501,2003295456
2024-10-15,5866.7402,5870.3599,5804.48,5815.2598,2828509934
2024-10-16,5816.5801,5846.52,5808.3398,5842.4702,2301294506
2024-10-17,5875.6201,5878.46,5840.25,5841.4702,2394376383
2024-10-18,5859.4302,5872.1699,5846.1099,5864.6699,2157845295
2024-10-21,5857.8198,5866.9199,5824.79,5853.98,2091355741
2024-10-22,5832.7002,5863.04,5821.1699,5851.2002,2245293747
2024-10-23,5834.5,5834.8501,5762.4102,5797.4199,2375100419
2024-10-24,5817.7998,5817.7998,5784.9199,5809.8599,2283227696
2024-10-25,5826.75,5862.8198,5799.98,5808.1201,2270596865
2024-10-28,5833.9302,5842.9199,5823.0801,5823.52,2209334797
2024-10-29,5819.6802,5847.1899,5802.1699,5832.9199,2572018715
2024-10-30,5832.6499,5850.9399,5811.2798,5813.6699,2847422903
2024-10-31,5775.3398,5775.3398,5702.8599,5705.4502,3332360701
2024-11-01,5723.2202,5772.52,5723.2202,5728.7998,2742173410
2024-11-04,5725.1499,5741.4302,5696.5098,5712.6899,2423396486
2024-11-05,5722.4302,5783.4399,5722.1001,5782.7598,2366842625
2024-11-06,5864.8901,5936.1401,5864.8901,5929.04,4192067340
2024-11-07,5947.21,5983.8398,5947.21,5973.1001,3071243707
2024-11-08,5976.7598,6012.4502,5976.7598,5995.54,2756536816
2024-11-11,6008.8599,6017.3101,5986.6899,6001.3501,2714209900
2024-11-12,6003.6001,6009.9199,5960.0801,5983.9902,2611467951
2024-11-13,5985.75,6008.1899,5965.9102,5985.3799,2602203282
2024-11-14,5989.6802,5993.8799,5942.2798,5949.1699,2623461604
2024-11-15,5912.79,5915.3198,5853.0098,5870.6201,3288789253
2024-11-18,5874.1699,5908.1201,5865.9502,5893.6201,2820487217
2024-11-19,5870.0498,5923.5098,5855.29,5916.98,2673922540
2024-11-20,5914.3398,5920.6699,5860.5601,5917.1099,2578080238
2024-11-21,5940.5801,5963.3198,5887.2598,5948.71,2857014860
2024-11-22,5944.3599,5972.8999,5944.3599,5969.3398,2609740025
2024-11-25,5992.2798,6020.75,5963.9102,5987.3701,3948304635
2024-11-26,6000.0298,6025.4199,5992.27,6021.6299,2416828421
2024-11-27,6014.1099,6020.1602,5984.8701,5998.7402,2090790475
2024-11-29,6003.98,6044.1699,6003.98,6032.3799,1443186951
2024-12-02,6040.1099,6053.5801,6035.3301,6047.1499,2724890947
2024-12-03,6042.9702,6052.0698,6033.3901,6049.8799,2631959854
2024-12-04,6069.3901,6089.8398,6061.0601,6086.4902,2629946648
2024-12-05,6089.0298,6094.5498,6072.8999,6075.1099,2638048678
2024-12-06,6081.3799,6099.9702,6079.98,6090.27,2494915762
2024-12-09,6083.0098,6088.5098,6048.6299,6052.8501,2924094285
2024-12-10,6057.5898,6065.3999,6029.8901,6034.9102,2778369429
2024-12-11,6060.1499,6092.5898,6060.1499,6084.1899,2856984712
2024-12-12,6074.29,6079.6802,6051.25,6051.25,2378727487
2024-12-13,6068.1699,6078.5801,6035.77,6051.0898,2443474215
2024-12-16,6063.79,6085.1899,6059.1401,6074.0801,3097239687
2024-12-17,6052.5498,6057.6802,6035.1899,6050.6099,3000899439
2024-12-18,6047.6499,6070.6699,5867.79,5872.1602,3301322111
2024-12-19,5912.71,5935.52,5866.0698,5867.0801,3217378918
2024-12-20,5842.0,5982.0601,5832.2998,5930.8501,6347727401
2024-12-23,5940.25,5978.25,5902.5698,5974.0698,2311068693
2024-12-24,5984.6299,6040.1001,5981.4399,6040.04,1104432618
2024-12-26,6024.9702,6049.75,6007.3701,6037.5898,1482485163
2024-12-27,6006.1699,6006.1699,5932.9502,5970.8398,1807640884
2024-12-30,5920.6699,5940.79,5869.1602,5906.9399,1927545914
2024-12-31,5919.7402,5929.7402,5868.8599,5881.6299,1785851688
2025-01-02,5903.2598,5935.0898,5829.5298,5868.5498,2210071126
2025-01-03,5891.0698,5949.3398,5888.6602,5942.4702,2190353238
2025-01-06,5982.8101,6021.04,5960.0098,5975.3799,2802829671
2025-01-07,5993.2598,6000.6802,5890.6802,5909.0298,2676437580
2025-01-08,5910.6602,5927.8901,5874.7798,5918.25,2502210380
2025-01-10,5890.3501,5890.3501,5807.7798,5827.04,3055778240
2025-01-13,5782.02,5838.6099,5773.3101,5836.2202,2721450612
2025-01-14,5859.27,5871.9199,5805.4199,5842.9102,2434957076
2025-01-15,5905.21,5960.6099,5905.21,5949.9102,2740994513
2025-01-16,5963.6099,5964.6899,5930.7202,5937.3398,2515871927
2025-01-17,5995.3999,6014.96,5978.4399,5996.6602,2984861785
2025-01-21,6014.1201,6051.5098,6006.8799,6049.2402,3041263308
2025-01-22,6081.3901,6100.8101,6076.1299,6086.3701,2857124946
2025-01-23,6076.3198,6118.73,6074.6699,6118.71,2474451164
2025-01-24,6121.4302,6128.1802,6088.7402,6101.2402,2507791504
2025-01-27,5969.04,6017.1699,5962.9199,6012.2798,4076897334
2025-01-28,6026.9702,6074.54,5994.6299,6067.7002,3319837438
2025-01-29,6057.7002,6062.8301,6012.96,6039.3101,2830742115
2025-01-30,6050.75,6086.6401,6027.46,6071.1699,3068265894
2025-01-31,6096.79,6120.9102,6030.9302,6040.5298,3517384478
2025-02-03,5969.6499,6022.1299,5923.9302,5994.5698,3289467890
2025-02-04,5998.1401,6042.48,5990.8701,6037.8799,3054209134
2025-02-05,6020.4502,6062.8599,6007.0601,6061.48,3147722642
2025-02-06,6072.2202,6084.0298,6046.8301,6083.5698,3084795461
2025-02-07,6083.1299,6101.2798,6019.96,6025.9902,2940570238
2025-02-10,6046.3999,6073.3799,6044.8398,6066.4399,2743606149
2025-02-11,6049.3198,6076.2798,6042.3398,6068.5,2748396013
2025-02-12,6025.0801,6063.0,6003.0,6051.9702,2878167149
2025-02-13,6060.5898,6116.9102,6050.9502,6115.0698,2949594434
2025-02-14,6115.52,6127.4702,6107.6201,6114.6299,2801121274
2025-02-18,6121.6001,6129.6299,6099.5098,6129.5801,3260380206
2025-02-19,6117.7598,6147.4302,6111.1499,6144.1499,3043365332
2025-02-20,6134.5,6134.5,6084.5898,6117.52,2957558735
2025-02-21,6114.1001,6114.8198,6008.5601,6013.1299,3386529313
2025-02-24,6026.6899,6043.6499,5977.8301,5983.25,3282444303
2025-02-25,5982.73,5992.6499,5908.4902,5955.25,3485186582
2025-02-26,5970.8701,6009.8198,5932.6899,5956.0601,2964610227
2025-02-27,5981.8799,5993.6899,5858.7798,5861.5698,3331941837
2025-02-28,5856.7402,5959.3999,5837.6602,5954.5,4316692726
2025-03-03,5968.3301,5986.0898,5810.9102,5849.7202,3603000420
2025-03-04,5811.98,5865.0801,5732.5898,5778.1499,4246585884
2025-03-05,5781.3599,5860.5898,5742.3501,5842.6299,3325531511
2025-03-06,5785.8701,5812.0801,5711.6401,5738.52,3339780761
2025-03-07,5726.0098,5783.0098,5666.29,5770.2002,3959743165
2025-03-10,5705.3701,5705.3701,5564.02,5614.5601,4333777137
2025-03-11,5603.6499,5636.2998,5528.4102,5572.0698,4112822451
2025-03-12,5624.8398,5642.1899,5546.0898,5599.2998,3450861763
2025-03-13,5594.4502,5597.7798,5504.6499,5521.52,3323485209
2025-03-14,5563.8501,5645.27,5563.8501,5638.9399,3011969007
2025-03-17,5635.6001,5703.52,5631.1201,5675.1201,2983957601
2025-03-18,5654.5298,5654.5298,5597.7598,5614.6602,2895840659
2025-03-19,5632.3701,5715.3301,5622.2002,5675.29,3021919411
2025-03-20,5646.9199,5711.1499,5632.3301,5662.8901,2841249219
2025-03-21,5630.73,5670.8398,5603.1001,5667.5601,6468495934
2025-03-24,5718.0801,5775.1401,5718.0801,5767.5698,3039851911
2025-03-25,5775.96,5786.9502,5760.4199,5776.6499,2675650367
2025-03-26,5771.6602,5783.6201,5694.4102,5712.2002,2865457257
2025-03-27,5695.6401,5732.2798,5670.9399,5693.3101,2824605380
2025-03-28,5679.2002,5685.8901,5572.4199,5580.9399,2837703209
2025-03-31,5527.9102,5627.5601,5488.73,5611.8501,3675243524
2025-04-01,5597.5298,5650.5698,5558.52,5633.0698,2781333289
2025-04-02,5580.7598,5695.3101,5571.48,5670.9702,2742941301
2025-04-03,5492.7402,5499.5298,5390.8301,5396.52,4996896429
2025-04-04,5292.1401,5292.1401,5069.8999,5074.0801,6052894256
2025-04-07,4953.79,5246.5698,4835.04,5062.25,6239428293
2025-04-08,5193.5698,5267.4702,4910.4199,4982.77,5074219157
2025-04-09,4965.2798,5481.3398,4948.4302,5456.8999,6666213104
2025-04-10,5353.1499,5353.1499,5115.27,5268.0498,4796067908
2025-04-11,5255.5601,5381.46,5220.77,5363.3599,3746060666
2025-04-14,5441.96,5459.46,5358.02,5405.9702,3281232715
2025-04-15,5411.9902,5450.4102,5386.4399,5396.6299,2806100917
2025-04-16,5335.75,5367.2402,5220.79,5275.7002,3336999562
2025-04-17,5305.4502,5328.3101,5255.5801,5282.7002,3140856780
2025-04-21,5232.9399,5232.9399,5101.6299,5158.2002,2953934584
2025-04-22,5207.6699,5309.6099,5207.6699,5287.7598,3049425683
2025-04-23,5395.9199,5469.6899,5356.1699,5375.8599,3535896370
2025-04-24,5381.3799,5489.3999,5371.96,5484.77,3138911463
2025-04-25,5489.73,5528.1099,5455.8599,5525.21,2943164032
2025-04-28,5529.2202,5553.6602,5468.6401,5528.75,2767087321
2025-04-29,5508.8701,5571.9502,5505.7002,5560.8301,2812450680
2025-04-30,5499.4399,5581.8398,5433.2402,5569.0601,3742261213
2025-05-01,5625.1401,5658.9102,5597.3501,5604.1401,3224921079
2025-05-02,5645.8799,5700.7002,5642.2798,5686.6699,3010089578
2025-05-05,5655.3198,5683.3799,5634.48,5650.3799,2693789287
2025-05-06,5605.8701,5649.5801,5586.04,5606.9102,2767164782
2025-05-07,5614.1802,5654.73,5578.6401,5631.2798,3197894396
2025-05-08,5663.6001,5720.1001,5635.3799,5663.9399,3208687019
2025-05-09,5679.6499,5691.6899,5644.1499,5659.9102,2429494619
2025-05-12,5807.2002,5845.3701,5786.0801,5844.1899,3756162007
2025-05-13,5854.1499,5906.6401,5845.02,5886.5498,3512934287
2025-05-14,5896.7402,5906.5498,5872.1099,5892.5801,3445232926
2025-05-15,5869.8198,5924.21,5865.1602,5916.9302,3138351580
2025-05-16,5929.0898,5958.6201,5907.3599,5958.3799,2931804148
2025-05-19,5902.8799,5968.6099,5895.6899,5963.6001,2576639838
2025-05-20,5944.6602,5953.0601,5909.2598,5940.46,2543562609
2025-05-21,5910.1802,5938.3701,5830.9102,5844.6099,3112417919
2025-05-22,5841.2598,5878.0801,5825.8198,5842.0098,2780782105
2025-05-23,5781.8901,5829.5098,5767.4102,5802.8198,2550252052
2025-05-27,5854.0698,5924.3301,5854.0698,5921.54,2882838064
2025-05-28,5925.54,5939.9199,5881.8799,5888.5498,2613506833
2025-05-29,5939.96,5943.1299,5873.7998,5912.1699,2851903524
2025-05-30,5903.6699,5922.1401,5843.6602,5911.6899,4812538509
2025-06-02,5896.6802,5937.3999,5861.4302,5935.9399,2747394993
2025-06-03,5938.5601,5981.3501,5929.0,5970.3701,2959610307
2025-06-04,5978.9399,5990.48,5966.1099,5970.8101,2680331774
2025-06-05,5985.6699,5999.7002,5921.2002,5939.2998,3128216678
2025-06-06,5987.0601,6016.8701,5978.6299,6000.3599,2557851418
2025-06-09,6004.6299,6021.3101,5994.1802,6005.8799,2882903740
2025-06-10,6009.9102,6043.0098,6000.2798,6038.8101,2976909395
2025-06-11,6049.3799,6059.3999,6002.3198,6022.2402,2978585361
2025-06-12,6009.8999,6045.4302,6003.8799,6045.2598,2614508550
2025-06-13,6000.5601,6026.1602,5963.21,5976.9702,3001801788
2025-06-16,6004.0,6050.8301,6004.0,6033.1099,2870307250
2025-06-17,6012.1499,6023.25,5974.7998,5982.7202,2830518423
2025-06-18,5987.9302,6018.25,5971.8901,5980.8701,2941500424
2025-06-20,5999.6699,6018.2002,5952.5601,5967.8398,5166023140
2025-06-23,5969.6699,6028.77,5943.23,6025.1699,3240747265
2025-06-24,6061.21,6101.7598,6059.25,6092.1802,3266927469
2025-06-25,6104.23,6108.5098,6080.0898,6092.1602,2877946880
2025-06-26,6112.0898,6146.52,6107.27,6141.02,3030187464
2025-06-27,6150.7002,6187.6802,6132.3501,6173.0698,4593035679
2025-06-30,6193.3599,6215.0801,6174.9702,6204.9502,3341748573
2025-07-01,6187.25,6210.7798,6177.9702,6198.0098,3552404111
2025-07-02,6193.8799,6227.6001,6188.29,6227.4199,3137017015
2025-07-03,6246.46,6284.6499,6246.46,6279.3501,1819948745
2025-07-07,6259.04,6262.0698,6201.0,6229.98,2745690910
2025-07-08,6234.0298,6242.7002,6217.75,6225.52,3004891870
2025-07-09,6243.3301,6269.1602,6231.4302,6263.2598,2811985741
2025-07-10,6266.7998,6290.2202,6251.4399,6280.46,2828822051
2025-07-11,6255.6802,6269.4399,6237.6001,6259.75,2619070458
2025-07-14,6255.1499,6273.3101,6239.2202,6268.5601,2714541025
2025-07-15,6295.29,6302.04,6241.6802,6243.7598,3107475666
2025-07-16,6254.5,6268.1201,6201.5898,6263.7002,2965044588
2025-07-17,6263.3999,6304.6899,6262.27,6297.3599,3032165934
2025-07-18,6312.9502,6315.6099,6285.27,6296.79,3045580686
2025-07-21,6304.7402,6336.0801,6303.79,6305.6001,2664791496
2025-07-22,6306.6001,6316.1201,6281.71,6309.6201,2984046932
2025-07-23,6326.8999,6360.6401,6317.4902,6358.9102,3236476715
2025-07-24,6368.6001,6381.3101,6360.5698,6363.3501,3364122614
2025-07-25,6370.0098,6395.8198,6368.5298,6388.6401,2992173391
2025-07-28,6397.6899,6401.0698,6375.79,6389.77,2850714198
2025-07-29,6405.6201,6409.2598,6363.9199,6370.8599,3249723768
2025-07-30,6381.23,6396.54,6336.3799,6362.8999,3318616891
2025-07-31,6427.02,6427.02,6327.6401,6339.3901,4064512298
2025-08-01,6287.2798,6287.2798,6212.6899,6238.0098,3612531795
2025-08-04,6271.71,6330.6899,6271.71,6329.9399,3001426566
2025-08-05,6336.6299,6346.0,6289.3701,6299.1899,3161668228
2025-08-06,6309.2998,6352.8301,6301.1099,6345.0601,3273682928
2025-08-07,6374.3198,6389.71,6310.3198,6340.0,3147667079
2025-08-08,6355.2202,6395.1602,6355.2202,6389.4502,2816498530
2025-08-11,6389.6699,6407.25,6364.0601,6373.4502,2882117019
2025-08-12,6395.1699,6446.5498,6385.7598,6445.7598,2870584140
2025-08-13,6462.6699,6480.2798,6445.02,6466.5801,3088354173
2025-08-14,6453.46,6473.9199,6441.0698,6468.54,2766449273
2025-08-15,6477.3799,6481.3398,6441.8501,6449.7998,3147834712
2025-08-18,6445.02,6455.3501,6437.7002,6449.1499,2572650774
2025-08-19,6446.2402,6456.48,6400.2202,6411.3701,2900381286
2025-08-20,6406.6201,6408.3999,6343.8599,6395.7798,3031684438
2025-08-21,6380.8301,6393.6499,6352.71,6370.1699,2422545066
2025-08-22,6384.5898,6478.8901,6384.5898,6466.9102,3043140065
2025-08-25,6457.6699,6466.8901,6438.0601,6439.3198,2483635965
2025-08-26,6435.4902,6468.3701,6429.21,6465.9399,3237985819
2025-08-27,6462.2598,6487.0601,6457.8398,6481.3999,2910864343
2025-08-28,6483.8398,6508.23,6466.96,6501.8599,2615361149
2025-08-29,6489.2798,6491.7598,6444.5698,6460.2598,2531991994
2025-09-02,6401.5098,6416.54,6360.5801,6415.54,2867489542
2025-09-03,6445.8198,6453.6699,6416.1699,6448.2598,2768763199
2025-09-04,6456.6001,6502.54,6445.98,6502.0801,2722880446
2025-09-05,6529.0801,6532.6499,6443.98,6481.5,3160633711
2025-09-08,6498.0898,6508.6699,6483.29,6495.1499,2993595979
2025-09-09,6503.3301,6518.23,6483.0801,6512.6099,2652338286
2025-09-10,6550.29,6555.9702,6516.3398,6532.04,3160981102
2025-09-11,6554.4102,6592.8901,6545.7998,6587.4702,3242830560
2025-09-12,6590.6602,6600.21,6579.4902,6584.29,2978174116
2025-09-15,6603.4902,6619.6201,6602.0698,6615.2798,2902053619
2025-09-16,6624.1299,6626.9902,6600.1099,6606.7598,2888764313
2025-09-17,6604.8701,6624.3901,6551.1499,6600.3501,3024891495
2025-09-18,6626.8501,6656.7998,6611.8901,6631.96,3438422037
2025-09-19,6647.1099,6671.8198,6630.3101,6664.3599,5972430543
2025-09-22,6654.2798,6698.8799,6648.0698,6693.75,3275038698
2025-09-23,6692.4399,6699.52,6645.5801,6656.9199,3104178812
2025-09-24,6669.79,6672.6602,6621.7598,6637.9702,2973054973
2025-09-25,6608.1899,6619.0,6569.2202,6604.7202,3297853440
2025-09-26,6615.3799,6648.9702,6604.4302,6643.7002,2909115970
2025-09-29,6661.5801,6677.3101,6644.4902,6661.21,3188290296
2025-09-30,6656.1899,6691.25,6641.0,6688.46,3519970488
2025-10-01,6664.9199,6718.48,6656.2002,6711.2002,3495588292
2025-10-02,6731.3101,6731.9399,6693.23,6715.3501,3026789924
2025-10-03,6722.1401,6750.8701,6705.6699,6715.79,2900595175
2025-10-06,6733.8599,6749.52,6717.7798,6740.2798,3240662990
2025-10-07,6746.1401,6754.4902,6699.96,6714.5898,3033658138
2025-10-08,6723.8701,6755.6401,6718.0898,6753.7202,2876408422
2025-10-09,6760.5,6764.5801,6716.1699,6735.1099,2800767651
2025-10-10,6740.4902,6762.3999,6550.7798,6552.5098,3530624627
2025-10-13,6622.5298,6668.6802,6620.71,6654.7202,2695690912
2025-10-14,6602.4902,6680.7002,6555.0698,6644.3101,2971654773
2025-10-15,6688.27,6724.1201,6612.1099,6671.0601,2936923107
2025-10-16,6689.02,6709.3398,6593.9902,6629.0698,3301839541
2025-10-17,6613.27,6678.8799,6603.7598,6664.0098,3130834811
2025-10-20,6690.0498,6744.3501,6690.0498,6735.1299,2653125000
2025-10-21,6736.75,6752.1602,6722.0298,6735.3501,3124255568
2025-10-22,6741.3398,6741.75,6655.6899,6699.3999,3407489963
2025-10-23,6703.6499,6749.5298,6700.1401,6738.4399,3317281117
2025-10-24,6772.0698,6807.1099,6772.0698,6791.6899,3027308723
2025-10-27,6845.46,6877.2798,6843.9399,6875.1602,3270474398
2025-10-28,6897.7402,6911.2998,6870.73,6890.8901,3370215922
2025-10-29,6910.9502,6920.3398,6851.9102,6890.5898,3970463970
2025-10-30,6860.5,6880.75,6820.6899,6822.3398,3911030954
2025-10-31,6879.1699,6879.1699,6814.2598,6840.2002,3777566754
2025-11-03,6882.3198,6882.3198,6820.6201,6851.9702,3696845759
2025-11-04,6788.52,6820.21,6766.71,6771.5498,3766080803
2025-11-05,6769.77,6829.7798,6763.1099,6796.29,3497780397
2025-11-06,6787.5898,6796.6802,6707.5098,6720.3198,3602126821
2025-11-07,6696.1802,6730.1099,6631.4399,6728.7998,3552268846
2025-11-10,6785.3599,6841.3198,6770.5601,6832.4302,3147459093
2025-11-11,6815.6401,6855.1299,6806.8701,6846.6099,2798112864
2025-11-12,6867.77,6869.9102,6829.6201,6850.9199,2948317943
2025-11-13,6826.4702,6828.0498,6724.7202,6737.4902,3371885452
2025-11-14,6672.1401,6774.3101,6646.8701,6734.1099,3114116339
2025-11-17,6713.6099,6754.5,6638.8999,6672.4102,3196879298
2025-11-18,6641.1899,6666.6299,6574.3198,6617.3198,3291906077
2025-11-19,6625.8398,6689.75,6603.5,6642.1602,3101765442
2025-11-20,6737.9302,6770.3501,6534.0498,6538.7598,3725506076
2025-11-21,6555.77,6660.0498,6521.9199,6602.9902,4020556228
2025-11-24,6636.54,6715.75,6630.7002,6705.1201,4453666392
2025-11-25,6697.0298,6776.3999,6659.98,6765.8799,3295356681
2025-11-26,6793.5498,6831.4399,6783.8701,6812.6099,2724579024
2025-11-28,6822.52,6850.8599,6819.75,6849.0898,1460964531
2025-12-01,6812.2998,6843.6499,6799.9399,6812.6299,2786724935
2025-12-02,6830.96,6851.5498,6806.71,6829.3701,2996900655
2025-12-03,6815.29,6862.4199,6810.4302,6849.7202,2967644778
2025-12-04,6866.4702,6866.4702,6827.1201,6857.1201,2961946147
2025-12-05,6866.3198,6895.7798,6858.29,6870.3999,3146162668
2025-12-08,6875.2002,6878.27,6827.1899,6846.5098,3191290438
2025-12-09,6840.6099,6864.9199,6837.4302,6840.5098,2757882544
2025-12-10,6833.4902,6900.6699,6824.6899,6886.6802,3514933517
2025-12-11,6861.2998,6903.46,6833.4502,6901.0,3110588589
2025-12-12,6886.8501,6899.8501,6801.79,6827.4102,3163284987
2025-12-15,6860.1899,6861.5898,6801.4902,6816.5098,3281026151
2025-12-16,6800.1201,6819.27,6759.7402,6800.2598,3218286691
2025-12-17,6802.8799,6812.2598,6720.4302,6721.4302,3443631007
2025-12-18,6778.0601,6816.1299,6758.5,6774.7598,3311865878
2025-12-19,6792.6201,6840.02,6792.6201,6834.5,6820161930
2025-12-22,6865.21,6882.0298,6855.7402,6878.4902,2609671147
2025-12-23,6872.4102,6910.8799,6868.8101,6909.79,2232658694
2025-12-24,6904.9102,6937.3198,6904.9102,6932.0498,1048844574
2025-12-26,6936.02,6945.77,6921.6001,6929.9399,1439287607
2025-12-29,6903.6001,6920.21,6888.7598,6905.7402,1932051863
2025-12-30,6900.4399,6913.25,6893.4702,6896.2402,1709094551
2025-12-31,6898.8198,6901.4199,6844.5498,6845.5,1711313425
2026-01-02,6878.1099,6894.8701,6824.3101,6858.4702,2633650179
2026-01-05,6892.1899,6920.3799,6891.5601,6902.0498,3473387045
2026-01-06,6908.0298,6948.6899,6904.02,6944.8198,3321270692
2026-01-07,6945.0698,6965.6899,6919.1899,6920.9302,3236959017
2026-01-08,6914.1099,6931.2798,6899.3301,6921.46,3184872055
2026-01-09,6927.8301,6978.3599,6917.6401,6966.2798,2965821560
2026-01-12,6944.1201,6986.3301,6934.0698,6977.27,3030692220
2026-01-13,6977.4102,6985.8301,6938.77,6963.7402,3224138595
2026-01-14,6937.4102,6941.2998,6885.7402,6926.6001,3368124418
2026-01-15,6969.46,6979.3398,6937.9302,6944.4702,3127477579
2026-01-16,6960.54,6967.2998,6925.0898,6940.0098,3990934078
2026-01-20,6865.2402,6871.1699,6789.0498,6796.8599,3891978612
2026-01-21,6810.71,6910.3901,6804.96,6875.6201,3815060468
2026-01-22,6914.4399,6934.75,6893.6201,6913.3501,3309135655
2026-01-23,6907.8501,6932.96,6895.5,6915.6099,3228233542
2026-01-26,6923.23,6964.6602,6921.6001,6950.23,2988481117
2026-01-27,6965.96,6988.8198,6958.8301,6978.6001,3227767584
2026-01-28,7002.0,7002.2798,6963.46,6978.0298,3337820014
2026-01-29,6977.7402,6992.8398,6870.7998,6969.0098,4116060486
2026-01-30,6947.27,6964.0898,6893.48,6939.0298,4261589883
2026-02-02,6916.6401,6991.9199,6914.3398,6976.4399,3598308215
2026-02-03,6985.4502,6993.0801,6862.0498,6917.8101,4509153173
2026-02-04,6924.5,6936.0898,6838.7998,6882.7202,5124778011
2026-02-05,6837.3901,6857.8501,6780.1299,6798.3999,4330553016
2026-02-06,6816.7402,6944.8901,6816.7402,6932.2998,3842633801
2026-02-09,6917.2598,6980.1001,6905.8701,6964.8198,3363942486
2026-02-10,6974.4902,6986.8301,6937.5298,6941.8101,3494760616
2026-02-11,6976.48,6993.48,6911.9702,6941.4702,3743710728
2026-02-12,6957.54,6973.2202,6824.04,6832.7598,4529538927
2026-02-13,6834.27,6881.96,6794.5498,6836.1699,3419160612
2026-02-17,6819.8599,6866.9902,6775.5,6843.2202,3297532611
2026-02-18,6855.48,6909.1201,6849.6602,6881.3101,3039483897
2026-02-19,6861.3398,6879.1201,6833.0601,6861.8901,2928310082
2026-02-20,6843.2598,6915.8599,6836.3301,6909.5098,3339510807
2026-02-23,6901.25,6916.96,6819.8198,6837.75,3261707166
2026-02-24,6837.3701,6899.1699,6815.4302,6890.0698,3167064220
2026-02-25,6915.1499,6952.5098,6915.1499,6946.1299,3302178966
2026-02-26,6944.7402,6947.25,6859.73,6908.8599,3452201112
2026-02-27,6856.54,6882.96,6831.7402,6878.8799,4585000092
2026-03-02,6824.3599,6901.0098,6796.8501,6881.6201,3458583834
2026-03-03,6800.2598,6840.0498,6710.4199,6816.6299,3509315001
2026-03-04,6831.6899,6885.9399,6811.6401,6869.5,3193784051
2026-03-05,6851.0801,6870.4302,6770.7798,6830.71,3703063165
2026-03-06,6769.0298,6773.4199,6711.5601,6740.02,3407767395
